UserName,CreditLimit
058C000001,100000
058C000002,100000
058C000003,100000
058C000004,100000
058C000005,100000
058C000006,100000
058C000007,100000
058C000008,100000
058C000009,100000
058C000010,100000
058C000011,100000
058C000012,100000
058C000013,100000
058C000014,100000
058C000015,100000
058C000016,100000
058C000017,100000
058C000018,100000
058C000019,100000
058C000020,100000
058C000021,100000
058C000022,100000
058C000023,100000
058C000024,100000
058C000025,100000
058C000026,100000
058C000027,100000
058C000028,100000
058C000029,100000
058C000030,100000
058C000031,100000
058C000032,100000
058C000033,100000
058C000034,100000
058C000035,100000
058C000036,100000
058C000037,100000
058C000038,100000
058C000039,100000
058C000040,100000
058C000041,100000
058C000042,100000
058C000043,100000
058C000044,100000
058C000045,100000
058C000046,100000
058C000047,100000
058C000048,100000
058C000049,100000
058C000050,100000
058C000051,100000
058C000052,100000
058C000053,100000
058C000054,100000
058C000055,100000
058C000056,100000
058C000057,100000
058C000058,100000
058C000059,100000
058C000060,100000
058C000061,100000
058C000062,100000
058C000063,100000
058C000064,100000
058C000065,100000
058C000066,100000
058C000067,100000
058C000068,100000
058C000069,100000
058C000070,100000
058C000071,100000
058C000072,100000
058C000073,100000
058C000074,100000
058C000075,100000
058C000076,100000
058C000077,100000
058C000078,100000
058C000079,100000
058C000080,100000
058C000081,100000
058C000082,100000
058C000083,100000
058C000084,100000
058C000085,100000
058C000086,100000
058C000087,100000
058C000088,100000
058C000089,100000
058C000090,100000
058C000091,100000
058C000092,100000
058C000093,100000
058C000094,100000
058C000095,100000
058C000096,100000
058C000097,100000
058C000098,100000
058C000099,100000
058C000100,100000
058C000101,100000
058C000102,100000
058C000103,100000
058C000104,100000
058C000105,100000
058C000106,100000
058C000107,100000
058C000108,100000
058C000109,100000
058C000110,100000
058C000111,100000
058C000112,100000
058C000113,100000
058C000114,100000
058C000115,100000
058C000116,100000
058C000117,100000
058C000118,100000
058C000119,100000
058C000120,100000
058C000121,100000
058C000122,100000
058C000123,100000
058C000124,100000
058C000125,100000
058C000126,100000
058C000127,100000
058C000128,100000
058C000129,100000
058C000130,100000
058C000131,100000
058C000132,100000
058C000133,100000
058C000134,100000
058C000135,100000
058C000136,100000
058C000137,100000
058C000138,100000
058C000139,100000
058C000140,100000
058C000141,100000
058C000142,100000
058C000143,100000
058C000144,100000
058C000145,100000
058C000146,100000
058C000147,100000
058C000148,100000
058C000149,100000
058C000150,100000
058C000151,100000
058C000152,100000
058C000153,100000
058C000154,100000
058C000155,100000
058C000156,100000
058C000157,100000
058C000158,100000
058C000159,100000
058C000160,100000
058C000161,100000
058C000162,100000
058C000163,100000
058C000164,100000
058C000165,100000
058C000166,100000
058C000167,100000
058C000168,100000
058C000169,100000
058C000170,100000
058C000171,100000
058C000172,100000
058C000173,100000
058C000174,100000
058C000175,100000
058C000176,100000
058C000177,100000
058C000178,100000
058C000179,100000
058C000180,100000
058C000181,100000
058C000182,100000
058C000183,100000
058C000184,100000
058C000185,100000
058C000186,100000
058C000187,100000
058C000188,100000
058C000189,100000
058C000190,100000
058C000191,100000
058C000192,100000
058C000193,100000
058C000194,100000
058C000195,100000
058C000196,100000
058C000197,100000
058C000198,100000
058C000199,100000
058C000200,100000
058C000201,100000
058C000202,100000
058C000203,100000
058C000204,100000
058C000205,100000
058C000206,100000
058C000207,100000
058C000208,100000
058C000209,100000
058C000210,100000
058C000211,100000
058C000212,100000
058C000213,100000
058C000214,100000
058C000215,100000
058C000216,100000
058C000217,100000
058C000218,100000
058C000219,100000
058C000220,100000
058C000221,100000
058C000222,100000
058C000223,100000
058C000224,100000
058C000225,100000
058C000226,100000
058C000227,100000
058C000228,100000
058C000229,100000
058C000230,100000
058C000231,100000
058C000232,100000
058C000233,100000
058C000234,100000
058C000235,100000
058C000236,100000
058C000237,100000
058C000238,100000
058C000239,100000
058C000240,100000
058C000241,100000
058C000242,100000
058C000243,100000
058C000244,100000
058C000245,100000
058C000246,100000
058C000247,100000
058C000248,100000
058C000249,100000
058C000250,100000
058C000251,100000
058C000252,100000
058C000253,100000
058C000254,100000
058C000255,100000
058C000256,100000
058C000257,100000
058C000258,100000
058C000259,100000
058C000260,100000
058C000261,100000
058C000262,100000
058C000263,100000
058C000264,100000
058C000265,100000
058C000266,100000
058C000267,100000
058C000268,100000
058C000269,100000
058C000270,100000
058C000271,100000
058C000272,100000
058C000273,100000
058C000274,100000
058C000275,100000
058C000276,100000
058C000277,100000
058C000278,100000
058C000279,100000
058C000280,100000
058C000281,100000
058C000282,100000
058C000283,100000
058C000284,100000
058C000285,100000
058C000286,100000
058C000287,100000
058C000288,100000
058C000289,100000
058C000290,100000
058C000291,100000
058C000292,100000
058C000293,100000
058C000294,100000
058C000295,100000
058C000296,100000
058C000297,100000
058C000298,100000
058C000299,100000
058C000300,100000
058C000301,100000
058C000302,100000
058C000303,100000
058C000304,100000
058C000305,100000
058C000306,100000
058C000307,100000
058C000308,100000
058C000309,100000
058C000310,100000
058C000311,100000
058C000312,100000
058C000313,100000
058C000314,100000
058C000315,100000
058C000316,100000
058C000317,100000
058C000318,100000
058C000319,100000
058C000320,100000
058C000321,100000
058C000322,100000
058C000323,100000
058C000324,100000
058C000325,100000
058C000326,100000
058C000327,100000
058C000328,100000
058C000329,100000
058C000330,100000
058C000331,100000
058C000332,100000
058C000333,100000
058C000334,100000
058C000335,100000
058C000336,100000
058C000337,100000
058C000338,100000
058C000339,100000
058C000340,100000
058C000341,100000
058C000342,100000
058C000343,100000
058C000344,100000
058C000345,100000
058C000346,100000
058C000347,100000
058C000348,100000
058C000349,100000
058C000350,100000
058C000351,100000
058C000352,100000
058C000353,100000
058C000354,100000
058C000355,100000
058C000356,100000
058C000357,100000
058C000358,100000
058C000359,100000
058C000360,100000
058C000361,100000
058C000362,100000
058C000363,100000
058C000364,100000
058C000365,100000
058C000366,100000
058C000367,100000
058C000368,100000
058C000369,100000
058C000370,100000
058C000371,100000
058C000372,100000
058C000373,100000
058C000374,100000
058C000375,100000
058C000376,100000
058C000377,100000
058C000378,100000
058C000379,100000
058C000380,100000
058C000381,100000
058C000382,100000
058C000383,100000
058C000384,100000
058C000385,100000
058C000386,100000
058C000387,100000
058C000388,100000
058C000389,100000
058C000390,100000
058C000391,100000
058C000392,100000
058C000393,100000
058C000394,100000
058C000395,100000
058C000396,100000
058C000397,100000
058C000398,100000
058C000399,100000
058C000400,100000
058C000401,100000
058C000402,100000
058C000403,100000
058C000404,100000
058C000405,100000
058C000406,100000
058C000407,100000
058C000408,100000
058C000409,100000
058C000410,100000
058C000411,100000
058C000412,100000
058C000413,100000
058C000414,100000
058C000415,100000
058C000416,100000
058C000417,100000
058C000418,100000
058C000419,100000
058C000420,100000
058C000421,100000
058C000422,100000
058C000423,100000
058C000424,100000
058C000425,100000
058C000426,100000
058C000427,100000
058C000428,100000
058C000429,100000
058C000430,100000
058C000431,100000
058C000432,100000
058C000433,100000
058C000434,100000
058C000435,100000
058C000436,100000
058C000437,100000
058C000438,100000
058C000439,100000
058C000440,100000
058C000441,100000
058C000442,100000
058C000443,100000
058C000444,100000
058C000445,100000
058C000446,100000
058C000447,100000
058C000448,100000
058C000449,100000
058C000450,100000
058C000451,100000
058C000452,100000
058C000453,100000
058C000454,100000
058C000455,100000
058C000456,100000
058C000457,100000
058C000458,100000
058C000459,100000
058C000460,100000
058C000461,100000
058C000462,100000
058C000463,100000
058C000464,100000
058C000465,100000
058C000466,100000
058C000467,100000
058C000468,100000
058C000469,100000
058C000470,100000
058C000471,100000
058C000472,100000
058C000473,100000
058C000474,100000
058C000475,100000
058C000476,100000
058C000477,100000
058C000478,100000
058C000479,100000
058C000480,100000
058C000481,100000
058C000482,100000
058C000483,100000
058C000484,100000
058C000485,100000
058C000486,100000
058C000487,100000
058C000488,100000
058C000489,100000
058C000490,100000
058C000491,100000
058C000492,100000
058C000493,100000
058C000494,100000
058C000495,100000
058C000496,100000
058C000497,100000
058C000498,100000
058C000499,100000
058C000500,100000
058C000501,100000
058C000502,100000
058C000503,100000
058C000504,100000
058C000505,100000
058C000506,100000
058C000507,100000
058C000508,100000
058C000509,100000
058C000510,100000
058C000511,100000
058C000512,100000
058C000513,100000
058C000514,100000
058C000515,100000
058C000516,100000
058C000517,100000
058C000518,100000
058C000519,100000
058C000520,100000
058C000521,100000
058C000522,100000
058C000523,100000
058C000524,100000
058C000525,100000
058C000526,100000
058C000527,100000
058C000528,100000
058C000529,100000
058C000530,100000
058C000531,100000
058C000532,100000
058C000533,100000
058C000534,100000
058C000535,100000
058C000536,100000
058C000537,100000
058C000538,100000
058C000539,100000
058C000540,100000
058C000541,100000
058C000542,100000
058C000543,100000
058C000544,100000
058C000545,100000
058C000546,100000
058C000547,100000
058C000548,100000
058C000549,100000
058C000550,100000
058C000551,100000
058C000552,100000
058C000553,100000
058C000554,100000
058C000555,100000
058C000556,100000
058C000557,100000
058C000558,100000
058C000559,100000
058C000560,100000
058C000561,100000
058C000562,100000
058C000563,100000
058C000564,100000
058C000565,100000
058C000566,100000
058C000567,100000
058C000568,100000
058C000569,100000
058C000570,100000
058C000571,100000
058C000572,100000
058C000573,100000
058C000574,100000
058C000575,100000
058C000576,100000
058C000577,100000
058C000578,100000
058C000579,100000
058C000580,100000
058C000581,100000
058C000582,100000
058C000583,100000
058C000584,100000
058C000585,100000
058C000586,100000
058C000587,100000
058C000588,100000
058C000589,100000
058C000590,100000
058C000591,100000
058C000592,100000
058C000593,100000
058C000594,100000
058C000595,100000
058C000596,100000
058C000597,100000
058C000598,100000
058C000599,100000
058C000600,100000
058C000601,100000
058C000602,100000
058C000603,100000
058C000604,100000
058C000605,100000
058C000606,100000
058C000607,100000
058C000608,100000
058C000609,100000
058C000610,100000
058C000611,100000
058C000612,100000
058C000613,100000
058C000614,100000
058C000615,100000
058C000616,100000
058C000617,100000
058C000618,100000
058C000619,100000
058C000620,100000
058C000621,100000
058C000622,100000
058C000623,100000
058C000624,100000
058C000625,100000
058C000626,100000
058C000627,100000
058C000628,100000
058C000629,100000
058C000630,100000
058C000631,100000
058C000632,100000
058C000633,100000
058C000634,100000
058C000635,100000
058C000636,100000
058C000637,100000
058C000638,100000
058C000639,100000
058C000640,100000
058C000641,100000
058C000642,100000
058C000643,100000
058C000644,100000
058C000645,100000
058C000646,100000
058C000647,100000
058C000648,100000
058C000649,100000
058C000650,100000
058C000651,100000
058C000652,100000
058C000653,100000
058C000654,100000
058C000655,100000
058C000656,100000
058C000657,100000
058C000658,100000
058C000659,100000
058C000660,100000
058C000661,100000
058C000662,100000
058C000663,100000
058C000664,100000
058C000665,100000
058C000666,100000
058C000667,100000
058C000668,100000
058C000669,100000
058C000670,100000
058C000671,100000
058C000672,100000
058C000673,100000
058C000674,100000
058C000675,100000
058C000676,100000
058C000677,100000
058C000678,100000
058C000679,100000
058C000680,100000
058C000681,100000
058C000682,100000
058C000683,100000
058C000684,100000
058C000685,100000
058C000686,100000
058C000687,100000
058C000688,100000
058C000689,100000
058C000690,100000
058C000691,100000
058C000692,100000
058C000693,100000
058C000694,100000
058C000695,100000
058C000696,100000
058C000697,100000
058C000698,100000
058C000699,100000
058C000700,100000
058C000701,100000
058C000702,100000
058C000703,100000
058C000704,100000
058C000705,100000
058C000706,100000
058C000707,100000
058C000708,100000
058C000709,100000
058C000710,100000
058C000711,100000
058C000712,100000
058C000713,100000
058C000714,100000
058C000715,100000
058C000716,100000
058C000717,100000
058C000718,100000
058C000719,100000
058C000720,100000
058C000721,100000
058C000722,100000
058C000723,100000
058C000724,100000
058C000725,100000
058C000726,100000
058C000727,100000
058C000728,100000
058C000729,100000
058C000730,100000
058C000731,100000
058C000732,100000
058C000733,100000
058C000734,100000
058C000735,100000
058C000736,100000
058C000737,100000
058C000738,100000
058C000739,100000
058C000740,100000
058C000741,100000
058C000742,100000
058C000743,100000
058C000744,100000
058C000745,100000
058C000746,100000
058C000747,100000
058C000748,100000
058C000749,100000
058C000750,100000
058C000751,100000
058C000752,100000
058C000753,100000
058C000754,100000
058C000755,100000
058C000756,100000
058C000757,100000
058C000758,100000
058C000759,100000
058C000760,100000
058C000761,100000
058C000762,100000
058C000763,100000
058C000764,100000
058C000765,100000
058C000766,100000
058C000767,100000
058C000768,100000
058C000769,100000
058C000770,100000
058C000771,100000
058C000772,100000
058C000773,100000
058C000774,100000
058C000775,100000
058C000776,100000
058C000777,100000
058C000778,100000
058C000779,100000
058C000780,100000
058C000781,100000
058C000782,100000
058C000783,100000
058C000784,100000
058C000785,100000
058C000786,100000
058C000787,100000
058C000788,100000
058C000789,100000
058C000790,100000
058C000791,100000
058C000792,100000
058C000793,100000
058C000794,100000
058C000795,100000
058C000796,100000
058C000797,100000
058C000798,100000
058C000799,100000
058C000800,100000
058C000801,100000
058C000802,100000
058C000803,100000
058C000804,100000
058C000805,100000
058C000806,100000
058C000807,100000
058C000808,100000
058C000809,100000
058C000810,100000
058C000811,100000
058C000812,100000
058C000813,100000
058C000814,100000
058C000815,100000
058C000816,100000
058C000817,100000
058C000818,100000
058C000819,100000
058C000820,100000
058C000821,100000
058C000822,100000
058C000823,100000
058C000824,100000
058C000825,100000
058C000826,100000
058C000827,100000
058C000828,100000
058C000829,100000
058C000830,100000
058C000831,100000
058C000832,100000
058C000833,100000
058C000834,100000
058C000835,100000
058C000836,100000
058C000837,100000
058C000838,100000
058C000839,100000
058C000840,100000
058C000841,100000
058C000842,100000
058C000843,100000
058C000844,100000
058C000845,100000
058C000846,100000
058C000847,100000
058C000848,100000
058C000849,100000
058C000850,100000
058C000851,100000
058C000852,100000
058C000853,100000
058C000854,100000
058C000855,100000
058C000856,100000
058C000857,100000
058C000858,100000
058C000859,100000
058C000860,100000
058C000861,100000
058C000862,100000
058C000863,100000
058C000864,100000
058C000865,100000
058C000866,100000
058C000867,100000
058C000868,100000
058C000869,100000
058C000870,100000
058C000871,100000
058C000872,100000
058C000873,100000
058C000874,100000
058C000875,100000
058C000876,100000
058C000877,100000
058C000878,100000
058C000879,100000
058C000880,100000
058C000881,100000
058C000882,100000
058C000883,100000
058C000884,100000
058C000885,100000
058C000886,100000
058C000887,100000
058C000888,100000
058C000889,100000
058C000890,100000
058C000891,100000
058C000892,100000
058C000893,100000
058C000894,100000
058C000895,100000
058C000896,100000
058C000897,100000
058C000898,100000
058C000899,100000
058C000900,100000
058C000901,100000
058C000902,100000
058C000903,100000
058C000904,100000
058C000905,100000
058C000906,100000
058C000907,100000
058C000908,100000
058C000909,100000
058C000910,100000
058C000911,100000
058C000912,100000
058C000913,100000
058C000914,100000
058C000915,100000
058C000916,100000
058C000917,100000
058C000918,100000
058C000919,100000
058C000920,100000
058C000921,100000
058C000922,100000
058C000923,100000
058C000924,100000
058C000925,100000
058C000926,100000
058C000927,100000
058C000928,100000
058C000929,100000
058C000930,100000
058C000931,100000
058C000932,100000
058C000933,100000
058C000934,100000
058C000935,100000
058C000936,100000
058C000937,100000
058C000938,100000
058C000939,100000
058C000940,100000
058C000941,100000
058C000942,100000
058C000943,100000
058C000944,100000
058C000945,100000
058C000946,100000
058C000947,100000
058C000948,100000
058C000949,100000
058C000950,100000
058C000951,100000
058C000952,100000
058C000953,100000
058C000954,100000
058C000955,100000
058C000956,100000
058C000957,100000
058C000958,100000
058C000959,100000
058C000960,100000
058C000961,100000
058C000962,100000
058C000963,100000
058C000964,100000
058C000965,100000
058C000966,100000
058C000967,100000
058C000968,100000
058C000969,100000
058C000970,100000
058C000971,100000
058C000972,100000
058C000973,100000
058C000974,100000
058C000975,100000
058C000976,100000
058C000977,100000
058C000978,100000
058C000979,100000
058C000980,100000
058C000981,100000
058C000982,100000
058C000983,100000
058C000984,100000
058C000985,100000
058C000986,100000
058C000987,100000
058C000988,100000
058C000989,100000
058C000990,100000
058C000991,100000
058C000992,100000
058C000993,100000
058C000994,100000
058C000995,100000
058C000996,100000
058C000997,100000
058C000998,100000
058C000999,100000
058C001000,100000
058C001001,100000
058C001002,100000
058C001003,100000
058C001004,100000
058C001005,100000
058C001006,100000
058C001007,100000
058C001008,100000
058C001009,100000
058C001010,100000
058C001011,100000
058C001012,100000
058C001013,100000
058C001014,100000
058C001015,100000
058C001016,100000
058C001017,100000
058C001018,100000
058C001019,100000
058C001020,100000
058C001021,100000
058C001022,100000
058C001023,100000
058C001024,100000
058C001025,100000
058C001026,100000
058C001027,100000
058C001028,100000
058C001029,100000
058C001030,100000
058C001031,100000
058C001032,100000
058C001033,100000
058C001034,100000
058C001035,100000
058C001036,100000
058C001037,100000
058C001038,100000
058C001039,100000
058C001040,100000
058C001041,100000
058C001042,100000
058C001043,100000
058C001044,100000
058C001045,100000
058C001046,100000
058C001047,100000
058C001048,100000
058C001049,100000
058C001050,100000
058C001051,100000
058C001052,100000
058C001053,100000
058C001054,100000
058C001055,100000
058C001056,100000
058C001057,100000
058C001058,100000
058C001059,100000
058C001060,100000
058C001061,100000
058C001062,100000
058C001063,100000
058C001064,100000
058C001065,100000
058C001066,100000
058C001067,100000
058C001068,100000
058C001069,100000
058C001070,100000
058C001071,100000
058C001072,100000
058C001073,100000
058C001074,100000
058C001075,100000
058C001076,100000
058C001077,100000
058C001078,100000
058C001079,100000
058C001080,100000
058C001081,100000
058C001082,100000
058C001083,100000
058C001084,100000
058C001085,100000
058C001086,100000
058C001087,100000
058C001088,100000
058C001089,100000
058C001090,100000
058C001091,100000
058C001092,100000
058C001093,100000
058C001094,100000
058C001095,100000
058C001096,100000
058C001097,100000
058C001098,100000
058C001099,100000
058C001100,100000
058C001101,100000
058C001102,100000
058C001103,100000
058C001104,100000
058C001105,100000
058C001106,100000
058C001107,100000
058C001108,100000
058C001109,100000
058C001110,100000
058C001111,100000
058C001112,100000
058C001113,100000
058C001114,100000
058C001115,100000
058C001116,100000
058C001117,100000
058C001118,100000
058C001119,100000
058C001120,100000
058C001121,100000
058C001122,100000
058C001123,100000
058C001124,100000
058C001125,100000
058C001126,100000
058C001127,100000
058C001128,100000
058C001129,100000
058C001130,100000
058C001131,100000
058C001132,100000
058C001133,100000
058C001134,100000
058C001135,100000
058C001136,100000
058C001137,100000
058C001138,100000
058C001139,100000
058C001140,100000
058C001141,100000
058C001142,100000
058C001143,100000
058C001144,100000
058C001145,100000
058C001146,100000
058C001147,100000
058C001148,100000
058C001149,100000
058C001150,100000
058C001151,100000
058C001152,100000
058C001153,100000
058C001154,100000
058C001155,100000
058C001156,100000
058C001157,100000
058C001158,100000
058C001159,100000
058C001160,100000
058C001161,100000
058C001162,100000
058C001163,100000
058C001164,100000
058C001165,100000
058C001166,100000
058C001167,100000
058C001168,100000
058C001169,100000
058C001170,100000
058C001171,100000
058C001172,100000
058C001173,100000
058C001174,100000
058C001175,100000
058C001176,100000
058C001177,100000
058C001178,100000
058C001179,100000
058C001180,100000
058C001181,100000
058C001182,100000
058C001183,100000
058C001184,100000
058C001185,100000
058C001186,100000
058C001187,100000
058C001188,100000
058C001189,100000
058C001190,100000
058C001191,100000
058C001192,100000
058C001193,100000
058C001194,100000
058C001195,100000
058C001196,100000
058C001197,100000
058C001198,100000
058C001199,100000
058C001200,100000
058C001201,100000
058C001202,100000
058C001203,100000
058C001204,100000
058C001205,100000
058C001206,100000
058C001207,100000
058C001208,100000
058C001209,100000
058C001210,100000
058C001211,100000
058C001212,100000
058C001213,100000
058C001214,100000
058C001215,100000
058C001216,100000
058C001217,100000
058C001218,100000
058C001219,100000
058C001220,100000
058C001221,100000
058C001222,100000
058C001223,100000
058C001224,100000
058C001225,100000
058C001226,100000
058C001227,100000
058C001228,100000
058C001229,100000
058C001230,100000
058C001231,100000
058C001232,100000
058C001233,100000
058C001234,100000
058C001235,100000
058C001236,100000
058C001237,100000
058C001238,100000
058C001239,100000
058C001240,100000
058C001241,100000
058C001242,100000
058C001243,100000
058C001244,100000
058C001245,100000
058C001246,100000
058C001247,100000
058C001248,100000
058C001249,100000
058C001250,100000
058C001251,100000
058C001252,100000
058C001253,100000
058C001254,100000
058C001255,100000
058C001256,100000
058C001257,100000
058C001258,100000
058C001259,100000
058C001260,100000
058C001261,100000
058C001262,100000
058C001263,100000
058C001264,100000
058C001265,100000
058C001266,100000
058C001267,100000
058C001268,100000
058C001269,100000
058C001270,100000
058C001271,100000
058C001272,100000
058C001273,100000
058C001274,100000
058C001275,100000
058C001276,100000
058C001277,100000
058C001278,100000
058C001279,100000
058C001280,100000
058C001281,100000
058C001282,100000
058C001283,100000
058C001284,100000
058C001285,100000
058C001286,100000
058C001287,100000
058C001288,100000
058C001289,100000
058C001290,100000
058C001291,100000
058C001292,100000
058C001293,100000
058C001294,100000
058C001295,100000
058C001296,100000
058C001297,100000
058C001298,100000
058C001299,100000
058C001300,100000
058C001301,100000
058C001302,100000
058C001303,100000
058C001304,100000
058C001305,100000
058C001306,100000
058C001307,100000
058C001308,100000
058C001309,100000
058C001310,100000
058C001311,100000
058C001312,100000
058C001313,100000
058C001314,100000
058C001315,100000
058C001316,100000
058C001317,100000
058C001318,100000
058C001319,100000
058C001320,100000
058C001321,100000
058C001322,100000
058C001323,100000
058C001324,100000
058C001325,100000
058C001326,100000
058C001327,100000
058C001328,100000
058C001329,100000
058C001330,100000
058C001331,100000
058C001332,100000
058C001333,100000
058C001334,100000
058C001335,100000
058C001336,100000
058C001337,100000
058C001338,100000
058C001339,100000
058C001340,100000
058C001341,100000
058C001342,100000
058C001343,100000
058C001344,100000
058C001345,100000
058C001346,100000
058C001347,100000
058C001348,100000
058C001349,100000
058C001350,100000
058C001351,100000
058C001352,100000
058C001353,100000
058C001354,100000
058C001355,100000
058C001356,100000
058C001357,100000
058C001358,100000
058C001359,100000
058C001360,100000
058C001361,100000
058C001362,100000
058C001363,100000
058C001364,100000
058C001365,100000
058C001366,100000
058C001367,100000
058C001368,100000
058C001369,100000
058C001370,100000
058C001371,100000
058C001372,100000
058C001373,100000
058C001374,100000
058C001375,100000
058C001376,100000
058C001377,100000
058C001378,100000
058C001379,100000
058C001380,100000
058C001381,100000
058C001382,100000
058C001383,100000
058C001384,100000
058C001385,100000
058C001386,100000
058C001387,100000
058C001388,100000
058C001389,100000
058C001390,100000
058C001391,100000
058C001392,100000
058C001393,100000
058C001394,100000
058C001395,100000
058C001396,100000
058C001397,100000
058C001398,100000
058C001399,100000
058C001400,100000
058C001401,100000
058C001402,100000
058C001403,100000
058C001404,100000
058C001405,100000
058C001406,100000
058C001407,100000
058C001408,100000
058C001409,100000
058C001410,100000
058C001411,100000
058C001412,100000
058C001413,100000
058C001414,100000
058C001415,100000
058C001416,100000
058C001417,100000
058C001418,100000
058C001419,100000
058C001420,100000
058C001421,100000
058C001422,100000
058C001423,100000
058C001424,100000
058C001425,100000
058C001426,100000
058C001427,100000
058C001428,100000
058C001429,100000
058C001430,100000
058C001431,100000
058C001432,100000
058C001433,100000
058C001434,100000
058C001435,100000
058C001436,100000
058C001437,100000
058C001438,100000
058C001439,100000
058C001440,100000
058C001441,100000
058C001442,100000
058C001443,100000
058C001444,100000
058C001445,100000
058C001446,100000
058C001447,100000
058C001448,100000
058C001449,100000
058C001450,100000
058C001451,100000
058C001452,100000
058C001453,100000
058C001454,100000
058C001455,100000
058C001456,100000
058C001457,100000
058C001458,100000
058C001459,100000
058C001460,100000
058C001461,100000
058C001462,100000
058C001463,100000
058C001464,100000
058C001465,100000
058C001466,100000
058C001467,100000
058C001468,100000
058C001469,100000
058C001470,100000
058C001471,100000
058C001472,100000
058C001473,100000
058C001474,100000
058C001475,100000
058C001476,100000
058C001477,100000
058C001478,100000
058C001479,100000
058C001480,100000
058C001481,100000
058C001482,100000
058C001483,100000
058C001484,100000
058C001485,100000
058C001486,100000
058C001487,100000
058C001488,100000
058C001489,100000
058C001490,100000
058C001491,100000
058C001492,100000
058C001493,100000
058C001494,100000
058C001495,100000
058C001496,100000
058C001497,100000
058C001498,100000
058C001499,100000
058C001500,100000
058C001501,100000
058C001502,100000
058C001503,100000
058C001504,100000
058C001505,100000
058C001506,100000
058C001507,100000
058C001508,100000
058C001509,100000
058C001510,100000
058C001511,100000
058C001512,100000
058C001513,100000
058C001514,100000
058C001515,100000
058C001516,100000
058C001517,100000
058C001518,100000
058C001519,100000
058C001520,100000
058C001521,100000
058C001522,100000
058C001523,100000
058C001524,100000
058C001525,100000
058C001526,100000
058C001527,100000
058C001528,100000
058C001529,100000
058C001530,100000
058C001531,100000
058C001532,100000
058C001533,100000
058C001534,100000
058C001535,100000
058C001536,100000
058C001537,100000
058C001538,100000
058C001539,100000
058C001540,100000
058C001541,100000
058C001542,100000
058C001543,100000
058C001544,100000
058C001545,100000
058C001546,100000
058C001547,100000
058C001548,100000
058C001549,100000
058C001550,100000
058C001551,100000
058C001552,100000
058C001553,100000
058C001554,100000
058C001555,100000
058C001556,100000
058C001557,100000
058C001558,100000
058C001559,100000
058C001560,100000
058C001561,100000
058C001562,100000
058C001563,100000
058C001564,100000
058C001565,100000
058C001566,100000
058C001567,100000
058C001568,100000
058C001569,100000
058C001570,100000
058C001571,100000
058C001572,100000
058C001573,100000
058C001574,100000
058C001575,100000
058C001576,100000
058C001577,100000
058C001578,100000
058C001579,100000
058C001580,100000
058C001581,100000
058C001582,100000
058C001583,100000
058C001584,100000
058C001585,100000
058C001586,100000
058C001587,100000
058C001588,100000
058C001589,100000
058C001590,100000
058C001591,100000
058C001592,100000
058C001593,100000
058C001594,100000
058C001595,100000
058C001596,100000
058C001597,100000
058C001598,100000
058C001599,100000
058C001600,100000
058C001601,100000
058C001602,100000
058C001603,100000
058C001604,100000
058C001605,100000
058C001606,100000
058C001607,100000
058C001608,100000
058C001609,100000
058C001610,100000
058C001611,100000
058C001612,100000
058C001613,100000
058C001614,100000
058C001615,100000
058C001616,100000
058C001617,100000
058C001618,100000
058C001619,100000
058C001620,100000
058C001621,100000
058C001622,100000
058C001623,100000
058C001624,100000
058C001625,100000
058C001626,100000
058C001627,100000
058C001628,100000
058C001629,100000
058C001630,100000
058C001631,100000
058C001632,100000
058C001633,100000
058C001634,100000
058C001635,100000
058C001636,100000
058C001637,100000
058C001638,100000
058C001639,100000
058C001640,100000
058C001641,100000
058C001642,100000
058C001643,100000
058C001644,100000
058C001645,100000
058C001646,100000
058C001647,100000
058C001648,100000
058C001649,100000
058C001650,100000
058C001651,100000
058C001652,100000
058C001653,100000
058C001654,100000
058C001655,100000
058C001656,100000
058C001657,100000
058C001658,100000
058C001659,100000
058C001660,100000
058C001661,100000
058C001662,100000
058C001663,100000
058C001664,100000
058C001665,100000
058C001666,100000
058C001667,100000
058C001668,100000
058C001669,100000
058C001670,100000
058C001671,100000
058C001672,100000
058C001673,100000
058C001674,100000
058C001675,100000
058C001676,100000
058C001677,100000
058C001678,100000
058C001679,100000
058C001680,100000
058C001681,100000
058C001682,100000
058C001683,100000
058C001684,100000
058C001685,100000
058C001686,100000
058C001687,100000
058C001688,100000
058C001689,100000
058C001690,100000
058C001691,100000
058C001692,100000
058C001693,100000
058C001694,100000
058C001695,100000
058C001696,100000
058C001697,100000
058C001698,100000
058C001699,100000
058C001700,100000
058C001701,100000
058C001702,100000
058C001703,100000
058C001704,100000
058C001705,100000
058C001706,100000
058C001707,100000
058C001708,100000
058C001709,100000
058C001710,100000
058C001711,100000
058C001712,100000
058C001713,100000
058C001714,100000
058C001715,100000
058C001716,100000
058C001717,100000
058C001718,100000
058C001719,100000
058C001720,100000
058C001721,100000
058C001722,100000
058C001723,100000
058C001724,100000
058C001725,100000
058C001726,100000
058C001727,100000
058C001728,100000
058C001729,100000
058C001730,100000
058C001731,100000
058C001732,100000
058C001733,100000
058C001734,100000
058C001735,100000
058C001736,100000
058C001737,100000
058C001738,100000
058C001739,100000
058C001740,100000
058C001741,100000
058C001742,100000
058C001743,100000
058C001744,100000
058C001745,100000
058C001746,100000
058C001747,100000
058C001748,100000
058C001749,100000
058C001750,100000
058C001751,100000
058C001752,100000
058C001753,100000
058C001754,100000
058C001755,100000
058C001756,100000
058C001757,100000
058C001758,100000
058C001759,100000
058C001760,100000
058C001761,100000
058C001762,100000
058C001763,100000
058C001764,100000
058C001765,100000
058C001766,100000
058C001767,100000
058C001768,100000
058C001769,100000
058C001770,100000
058C001771,100000
058C001772,100000
058C001773,100000
058C001774,100000
058C001775,100000
058C001776,100000
058C001777,100000
058C001778,100000
058C001779,100000
058C001780,100000
058C001781,100000
058C001782,100000
058C001783,100000
058C001784,100000
058C001785,100000
058C001786,100000
058C001787,100000
058C001788,100000
058C001789,100000
058C001790,100000
058C001791,100000
058C001792,100000
058C001793,100000
058C001794,100000
058C001795,100000
058C001796,100000
058C001797,100000
058C001798,100000
058C001799,100000
058C001800,100000
058C001801,100000
058C001802,100000
058C001803,100000
058C001804,100000
058C001805,100000
058C001806,100000
058C001807,100000
058C001808,100000
058C001809,100000
058C001810,100000
058C001811,100000
058C001812,100000
058C001813,100000
058C001814,100000
058C001815,100000
058C001816,100000
058C001817,100000
058C001818,100000
058C001819,100000
058C001820,100000
058C001821,100000
058C001822,100000
058C001823,100000
058C001824,100000
058C001825,100000
058C001826,100000
058C001827,100000
058C001828,100000
058C001829,100000
058C001830,100000
058C001831,100000
058C001832,100000
058C001833,100000
058C001834,100000
058C001835,100000
058C001836,100000
058C001837,100000
058C001838,100000
058C001839,100000
058C001840,100000
058C001841,100000
058C001842,100000
058C001843,100000
058C001844,100000
058C001845,100000
058C001846,100000
058C001847,100000
058C001848,100000
058C001849,100000
058C001850,100000
058C001851,100000
058C001852,100000
058C001853,100000
058C001854,100000
058C001855,100000
058C001856,100000
058C001857,100000
058C001858,100000
058C001859,100000
058C001860,100000
058C001861,100000
058C001862,100000
058C001863,100000
058C001864,100000
058C001865,100000
058C001866,100000
058C001867,100000
058C001868,100000
058C001869,100000
058C001870,100000
058C001871,100000
058C001872,100000
058C001873,100000
058C001874,100000
058C001875,100000
058C001876,100000
058C001877,100000
058C001878,100000
058C001879,100000
058C001880,100000
058C001881,100000
058C001882,100000
058C001883,100000
058C001884,100000
058C001885,100000
058C001886,100000
058C001887,100000
058C001888,100000
058C001889,100000
058C001890,100000
058C001891,100000
058C001892,100000
058C001893,100000
058C001894,100000
058C001895,100000
058C001896,100000
058C001897,100000
058C001898,100000
058C001899,100000
058C001900,100000
058C001901,100000
058C001902,100000
058C001903,100000
058C001904,100000
058C001905,100000
058C001906,100000
058C001907,100000
058C001908,100000
058C001909,100000
058C001910,100000
058C001911,100000
058C001912,100000
058C001913,100000
058C001914,100000
058C001915,100000
058C001916,100000
058C001917,100000
058C001918,100000
058C001919,100000
058C001920,100000
058C001921,100000
058C001922,100000
058C001923,100000
058C001924,100000
058C001925,100000
058C001926,100000
058C001927,100000
058C001928,100000
058C001929,100000
058C001930,100000
058C001931,100000
058C001932,100000
058C001933,100000
058C001934,100000
058C001935,100000
058C001936,100000
058C001937,100000
058C001938,100000
058C001939,100000
058C001940,100000
058C001941,100000
058C001942,100000
058C001943,100000
058C001944,100000
058C001945,100000
058C001946,100000
058C001947,100000
058C001948,100000
058C001949,100000
058C001950,100000
058C001951,100000
058C001952,100000
058C001953,100000
058C001954,100000
058C001955,100000
058C001956,100000
058C001957,100000
058C001958,100000
058C001959,100000
058C001960,100000
058C001961,100000
058C001962,100000
058C001963,100000
058C001964,100000
058C001965,100000
058C001966,100000
058C001967,100000
058C001968,100000
058C001969,100000
058C001970,100000
058C001971,100000
058C001972,100000
058C001973,100000
058C001974,100000
058C001975,100000
058C001976,100000
058C001977,100000
058C001978,100000
058C001979,100000
058C001980,100000
058C001981,100000
058C001982,100000
058C001983,100000
058C001984,100000
058C001985,100000
058C001986,100000
058C001987,100000
058C001988,100000
058C001989,100000
058C001990,100000
058C001991,100000
058C001992,100000
058C001993,100000
058C001994,100000
058C001995,100000
058C001996,100000
058C001997,100000
058C001998,100000
058C001999,100000
058C002000,100000
058C002001,100000
058C002002,100000
058C002003,100000
058C002004,100000
058C002005,100000
058C002006,100000
058C002007,100000
058C002008,100000
058C002009,100000
058C002010,100000
058C002011,100000
058C002012,100000
058C002013,100000
058C002014,100000
058C002015,100000
058C002016,100000
058C002017,100000
058C002018,100000
058C002019,100000
058C002020,100000
058C002021,100000
058C002022,100000
058C002023,100000
058C002024,100000
058C002025,100000
058C002026,100000
058C002027,100000
058C002028,100000
058C002029,100000
058C002030,100000
058C002031,100000
058C002032,100000
058C002033,100000
058C002034,100000
058C002035,100000
058C002036,100000
058C002037,100000
058C002038,100000
058C002039,100000
058C002040,100000
058C002041,100000
058C002042,100000
058C002043,100000
058C002044,100000
058C002045,100000
058C002046,100000
058C002047,100000
058C002048,100000
058C002049,100000
058C002050,100000
058C002051,100000
058C002052,100000
058C002053,100000
058C002054,100000
058C002055,100000
058C002056,100000
058C002057,100000
058C002058,100000
058C002059,100000
058C002060,100000
058C002061,100000
058C002062,100000
058C002063,100000
058C002064,100000
058C002065,100000
058C002066,100000
058C002067,100000
058C002068,100000
058C002069,100000
058C002070,100000
058C002071,100000
058C002072,100000
058C002073,100000
058C002074,100000
058C002075,100000
058C002076,100000
058C002077,100000
058C002078,100000
058C002079,100000
058C002080,100000
058C002081,100000
058C002082,100000
058C002083,100000
058C002084,100000
058C002085,100000
058C002086,100000
058C002087,100000
058C002088,100000
058C002089,100000
058C002090,100000
058C002091,100000
058C002092,100000
058C002093,100000
058C002094,100000
058C002095,100000
058C002096,100000
058C002097,100000
058C002098,100000
058C002099,100000
058C002100,100000
058C002101,100000
058C002102,100000
058C002103,100000
058C002104,100000
058C002105,100000
058C002106,100000
058C002107,100000
058C002108,100000
058C002109,100000
058C002110,100000
058C002111,100000
058C002112,100000
058C002113,100000
058C002114,100000
058C002115,100000
058C002116,100000
058C002117,100000
058C002118,100000
058C002119,100000
058C002120,100000
058C002121,100000
058C002122,100000
058C002123,100000
058C002124,100000
058C002125,100000
058C002126,100000
058C002127,100000
058C002128,100000
058C002129,100000
058C002130,100000
058C002131,100000
058C002132,100000
058C002133,100000
058C002134,100000
058C002135,100000
058C002136,100000
058C002137,100000
058C002138,100000
058C002139,100000
058C002140,100000
058C002141,100000
058C002142,100000
058C002143,100000
058C002144,100000
058C002145,100000
058C002146,100000
058C002147,100000
058C002148,100000
058C002149,100000
058C002150,100000
058C002151,100000
058C002152,100000
058C002153,100000
058C002154,100000
058C002155,100000
058C002156,100000
058C002157,100000
058C002158,100000
058C002159,100000
058C002160,100000
058C002161,100000
058C002162,100000
058C002163,100000
058C002164,100000
058C002165,100000
058C002166,100000
058C002167,100000
058C002168,100000
058C002169,100000
058C002170,100000
058C002171,100000
058C002172,100000
058C002173,100000
058C002174,100000
058C002175,100000
058C002176,100000
058C002177,100000
058C002178,100000
058C002179,100000
058C002180,100000
058C002181,100000
058C002182,100000
058C002183,100000
058C002184,100000
058C002185,100000
058C002186,100000
058C002187,100000
058C002188,100000
058C002189,100000
058C002190,100000
058C002191,100000
058C002192,100000
058C002193,100000
058C002194,100000
058C002195,100000
058C002196,100000
058C002197,100000
058C002198,100000
058C002199,100000
058C002200,100000
058C002201,100000
058C002202,100000
058C002203,100000
058C002204,100000
058C002205,100000
058C002206,100000
058C002207,100000
058C002208,100000
058C002209,100000
058C002210,100000
058C002211,100000
058C002212,100000
058C002213,100000
058C002214,100000
058C002215,100000
058C002216,100000
058C002217,100000
058C002218,100000
058C002219,100000
058C002220,100000
058C002221,100000
058C002222,100000
058C002223,100000
058C002224,100000
058C002225,100000
058C002226,100000
058C002227,100000
058C002228,100000
058C002229,100000
058C002230,100000
058C002231,100000
058C002232,100000
058C002233,100000
058C002234,100000
058C002235,100000
058C002236,100000
058C002237,100000
058C002238,100000
058C002239,100000
058C002240,100000
058C002241,100000
058C002242,100000
058C002243,100000
058C002244,100000
058C002245,100000
058C002246,100000
058C002247,100000
058C002248,100000
058C002249,100000
058C002250,100000
058C002251,100000
058C002252,100000
058C002253,100000
058C002254,100000
058C002255,100000
058C002256,100000
058C002257,100000
058C002258,100000
058C002259,100000
058C002260,100000
058C002261,100000
058C002262,100000
058C002263,100000
058C002264,100000
058C002265,100000
058C002266,100000
058C002267,100000
058C002268,100000
058C002269,100000
058C002270,100000
058C002271,100000
058C002272,100000
058C002273,100000
058C002274,100000
058C002275,100000
058C002276,100000
058C002277,100000
058C002278,100000
058C002279,100000
058C002280,100000
058C002281,100000
058C002282,100000
058C002283,100000
058C002284,100000
058C002285,100000
058C002286,100000
058C002287,100000
058C002288,100000
058C002289,100000
058C002290,100000
058C002291,100000
058C002292,100000
058C002293,100000
058C002294,100000
058C002295,100000
058C002296,100000
058C002297,100000
058C002298,100000
058C002299,100000
058C002300,100000
058C002301,100000
058C002302,100000
058C002303,100000
058C002304,100000
058C002305,100000
058C002306,100000
058C002307,100000
058C002308,100000
058C002309,100000
058C002310,100000
058C002311,100000
058C002312,100000
058C002313,100000
058C002314,100000
058C002315,100000
058C002316,100000
058C002317,100000
058C002318,100000
058C002319,100000
058C002320,100000
058C002321,100000
058C002322,100000
058C002323,100000
058C002324,100000
058C002325,100000
058C002326,100000
058C002327,100000
058C002328,100000
058C002329,100000
058C002330,100000
058C002331,100000
058C002332,100000
058C002333,100000
058C002334,100000
058C002335,100000
058C002336,100000
058C002337,100000
058C002338,100000
058C002339,100000
058C002340,100000
058C002341,100000
058C002342,100000
058C002343,100000
058C002344,100000
058C002345,100000
058C002346,100000
058C002347,100000
058C002348,100000
058C002349,100000
058C002350,100000
058C002351,100000
058C002352,100000
058C002353,100000
058C002354,100000
058C002355,100000
058C002356,100000
058C002357,100000
058C002358,100000
058C002359,100000
058C002360,100000
058C002361,100000
058C002362,100000
058C002363,100000
058C002364,100000
058C002365,100000
058C002366,100000
058C002367,100000
058C002368,100000
058C002369,100000
058C002370,100000
058C002371,100000
058C002372,100000
058C002373,100000
058C002374,100000
058C002375,100000
058C002376,100000
058C002377,100000
058C002378,100000
058C002379,100000
058C002380,100000
058C002381,100000
058C002382,100000
058C002383,100000
058C002384,100000
058C002385,100000
058C002386,100000
058C002387,100000
058C002388,100000
058C002389,100000
058C002390,100000
058C002391,100000
058C002392,100000
058C002393,100000
058C002394,100000
058C002395,100000
058C002396,100000
058C002397,100000
058C002398,100000
058C002399,100000
058C002400,100000
058C002401,100000
058C002402,100000
058C002403,100000
058C002404,100000
058C002405,100000
058C002406,100000
058C002407,100000
058C002408,100000
058C002409,100000
058C002410,100000
058C002411,100000
058C002412,100000
058C002413,100000
058C002414,100000
058C002415,100000
058C002416,100000
058C002417,100000
058C002418,100000
058C002419,100000
058C002420,100000
058C002421,100000
058C002422,100000
058C002423,100000
058C002424,100000
058C002425,100000
058C002426,100000
058C002427,100000
058C002428,100000
058C002429,100000
058C002430,100000
058C002431,100000
058C002432,100000
058C002433,100000
058C002434,100000
058C002435,100000
058C002436,100000
058C002437,100000
058C002438,100000
058C002439,100000
058C002440,100000
058C002441,100000
058C002442,100000
058C002443,100000
058C002444,100000
058C002445,100000
058C002446,100000
058C002447,100000
058C002448,100000
058C002449,100000
058C002450,100000
058C002451,100000
058C002452,100000
058C002453,100000
058C002454,100000
058C002455,100000
058C002456,100000
058C002457,100000
058C002458,100000
058C002459,100000
058C002460,100000
058C002461,100000
058C002462,100000
058C002463,100000
058C002464,100000
058C002465,100000
058C002466,100000
058C002467,100000
058C002468,100000
058C002469,100000
058C002470,100000
058C002471,100000
058C002472,100000
058C002473,100000
058C002474,100000
058C002475,100000
058C002476,100000
058C002477,100000
058C002478,100000
058C002479,100000
058C002480,100000
058C002481,100000
058C002482,100000
058C002483,100000
058C002484,100000
058C002485,100000
058C002486,100000
058C002487,100000
058C002488,100000
058C002489,100000
058C002490,100000
058C002491,100000
058C002492,100000
058C002493,100000
058C002494,100000
058C002495,100000
058C002496,100000
058C002497,100000
058C002498,100000
058C002499,100000
058C002500,100000
058C002501,100000
058C002502,100000
058C002503,100000
058C002504,100000
058C002505,100000
058C002506,100000
058C002507,100000
058C002508,100000
058C002509,100000
058C002510,100000
058C002511,100000
058C002512,100000
058C002513,100000
058C002514,100000
058C002515,100000
058C002516,100000
058C002517,100000
058C002518,100000
058C002519,100000
058C002520,100000
058C002521,100000
058C002522,100000
058C002523,100000
058C002524,100000
058C002525,100000
058C002526,100000
058C002527,100000
058C002528,100000
058C002529,100000
058C002530,100000
058C002531,100000
058C002532,100000
058C002533,100000
058C002534,100000
058C002535,100000
058C002536,100000
058C002537,100000
058C002538,100000
058C002539,100000
058C002540,100000
058C002541,100000
058C002542,100000
058C002543,100000
058C002544,100000
058C002545,100000
058C002546,100000
058C002547,100000
058C002548,100000
058C002549,100000
058C002550,100000
058C002551,100000
058C002552,100000
058C002553,100000
058C002554,100000
058C002555,100000
058C002556,100000
058C002557,100000
058C002558,100000
058C002559,100000
058C002560,100000
058C002561,100000
058C002562,100000
058C002563,100000
058C002564,100000
058C002565,100000
058C002566,100000
058C002567,100000
058C002568,100000
058C002569,100000
058C002570,100000
058C002571,100000
058C002572,100000
058C002573,100000
058C002574,100000
058C002575,100000
058C002576,100000
058C002577,100000
058C002578,100000
058C002579,100000
058C002580,100000
058C002581,100000
058C002582,100000
058C002583,100000
058C002584,100000
058C002585,100000
058C002586,100000
058C002587,100000
058C002588,100000
058C002589,100000
058C002590,100000
058C002591,100000
058C002592,100000
058C002593,100000
058C002594,100000
058C002595,100000
058C002596,100000
058C002597,100000
058C002598,100000
058C002599,100000
058C002600,100000
058C002601,100000
058C002602,100000
058C002603,100000
058C002604,100000
058C002605,100000
058C002606,100000
058C002607,100000
058C002608,100000
058C002609,100000
058C002610,100000
058C002611,100000
058C002612,100000
058C002613,100000
058C002614,100000
058C002615,100000
058C002616,100000
058C002617,100000
058C002618,100000
058C002619,100000
058C002620,100000
058C002621,100000
058C002622,100000
058C002623,100000
058C002624,100000
058C002625,100000
058C002626,100000
058C002627,100000
058C002628,100000
058C002629,100000
058C002630,100000
058C002631,100000
058C002632,100000
058C002633,100000
058C002634,100000
058C002635,100000
058C002636,100000
058C002637,100000
058C002638,100000
058C002639,100000
058C002640,100000
058C002641,100000
058C002642,100000
058C002643,100000
058C002644,100000
058C002645,100000
058C002646,100000
058C002647,100000
058C002648,100000
058C002649,100000
058C002650,100000
058C002651,100000
058C002652,100000
058C002653,100000
058C002654,100000
058C002655,100000
058C002656,100000
058C002657,100000
058C002658,100000
058C002659,100000
058C002660,100000
058C002661,100000
058C002662,100000
058C002663,100000
058C002664,100000
058C002665,100000
058C002666,100000
058C002667,100000
058C002668,100000
058C002669,100000
058C002670,100000
058C002671,100000
058C002672,100000
058C002673,100000
058C002674,100000
058C002675,100000
058C002676,100000
058C002677,100000
058C002678,100000
058C002679,100000
058C002680,100000
058C002681,100000
058C002682,100000
058C002683,100000
058C002684,100000
058C002685,100000
058C002686,100000
058C002687,100000
058C002688,100000
058C002689,100000
058C002690,100000
058C002691,100000
058C002692,100000
058C002693,100000
058C002694,100000
058C002695,100000
058C002696,100000
058C002697,100000
058C002698,100000
058C002699,100000
058C002700,100000
058C002701,100000
058C002702,100000
058C002703,100000
058C002704,100000
058C002705,100000
058C002706,100000
058C002707,100000
058C002708,100000
058C002709,100000
058C002710,100000
058C002711,100000
058C002712,100000
058C002713,100000
058C002714,100000
058C002715,100000
058C002716,100000
058C002717,100000
058C002718,100000
058C002719,100000
058C002720,100000
058C002721,100000
058C002722,100000
058C002723,100000
058C002724,100000
058C002725,100000
058C002726,100000
058C002727,100000
058C002728,100000
058C002729,100000
058C002730,100000
058C002731,100000
058C002732,100000
058C002733,100000
058C002734,100000
058C002735,100000
058C002736,100000
058C002737,100000
058C002738,100000
058C002739,100000
058C002740,100000
058C002741,100000
058C002742,100000
058C002743,100000
058C002744,100000
058C002745,100000
058C002746,100000
058C002747,100000
058C002748,100000
058C002749,100000
058C002750,100000
058C002751,100000
058C002752,100000
058C002753,100000
058C002754,100000
058C002755,100000
058C002756,100000
058C002757,100000
058C002758,100000
058C002759,100000
058C002760,100000
058C002761,100000
058C002762,100000
058C002763,100000
058C002764,100000
058C002765,100000
058C002766,100000
058C002767,100000
058C002768,100000
058C002769,100000
058C002770,100000
058C002771,100000
058C002772,100000
058C002773,100000
058C002774,100000
058C002775,100000
058C002776,100000
058C002777,100000
058C002778,100000
058C002779,100000
058C002780,100000
058C002781,100000
058C002782,100000
058C002783,100000
058C002784,100000
058C002785,100000
058C002786,100000
058C002787,100000
058C002788,100000
058C002789,100000
058C002790,100000
058C002791,100000
058C002792,100000
058C002793,100000
058C002794,100000
058C002795,100000
058C002796,100000
058C002797,100000
058C002798,100000
058C002799,100000
058C002800,100000
058C002801,100000
058C002802,100000
058C002803,100000
058C002804,100000
058C002805,100000
058C002806,100000
058C002807,100000
058C002808,100000
058C002809,100000
058C002810,100000
058C002811,100000
058C002812,100000
058C002813,100000
058C002814,100000
058C002815,100000
058C002816,100000
058C002817,100000
058C002818,100000
058C002819,100000
058C002820,100000
058C002821,100000
058C002822,100000
058C002823,100000
058C002824,100000
058C002825,100000
058C002826,100000
058C002827,100000
058C002828,100000
058C002829,100000
058C002830,100000
058C002831,100000
058C002832,100000
058C002833,100000
058C002834,100000
058C002835,100000
058C002836,100000
058C002837,100000
058C002838,100000
058C002839,100000
058C002840,100000
058C002841,100000
058C002842,100000
058C002843,100000
058C002844,100000
058C002845,100000
058C002846,100000
058C002847,100000
058C002848,100000
058C002849,100000
058C002850,100000
058C002851,100000
058C002852,100000
058C002853,100000
058C002854,100000
058C002855,100000
058C002856,100000
058C002857,100000
058C002858,100000
058C002859,100000
058C002860,100000
058C002861,100000
058C002862,100000
058C002863,100000
058C002864,100000
058C002865,100000
058C002866,100000
058C002867,100000
058C002868,100000
058C002869,100000
058C002870,100000
058C002871,100000
058C002872,100000
058C002873,100000
058C002874,100000
058C002875,100000
058C002876,100000
058C002877,100000
058C002878,100000
058C002879,100000
058C002880,100000
058C002881,100000
058C002882,100000
058C002883,100000
058C002884,100000
058C002885,100000
058C002886,100000
058C002887,100000
058C002888,100000
058C002889,100000
058C002890,100000
058C002891,100000
058C002892,100000
058C002893,100000
058C002894,100000
058C002895,100000
058C002896,100000
058C002897,100000
058C002898,100000
058C002899,100000
058C002900,100000
058C002901,100000
058C002902,100000
058C002903,100000
058C002904,100000
058C002905,100000
058C002906,100000
058C002907,100000
058C002908,100000
058C002909,100000
058C002910,100000
058C002911,100000
058C002912,100000
058C002913,100000
058C002914,100000
058C002915,100000
058C002916,100000
058C002917,100000
058C002918,100000
058C002919,100000
058C002920,100000
058C002921,100000
058C002922,100000
058C002923,100000
058C002924,100000
058C002925,100000
058C002926,100000
058C002927,100000
058C002928,100000
058C002929,100000
058C002930,100000
058C002931,100000
058C002932,100000
058C002933,100000
058C002934,100000
058C002935,100000
058C002936,100000
058C002937,100000
058C002938,100000
058C002939,100000
058C002940,100000
058C002941,100000
058C002942,100000
058C002943,100000
058C002944,100000
058C002945,100000
058C002946,100000
058C002947,100000
058C002948,100000
058C002949,100000
058C002950,100000
058C002951,100000
058C002952,100000
058C002953,100000
058C002954,100000
058C002955,100000
058C002956,100000
058C002957,100000
058C002958,100000
058C002959,100000
058C002960,100000
058C002961,100000
058C002962,100000
058C002963,100000
058C002964,100000
058C002965,100000
058C002966,100000
058C002967,100000
058C002968,100000
058C002969,100000
058C002970,100000
058C002971,100000
058C002972,100000
058C002973,100000
058C002974,100000
058C002975,100000
058C002976,100000
058C002977,100000
058C002978,100000
058C002979,100000
058C002980,100000
058C002981,100000
058C002982,100000
058C002983,100000
058C002984,100000
058C002985,100000
058C002986,100000
058C002987,100000
058C002988,100000
058C002989,100000
058C002990,100000
058C002991,100000
058C002992,100000
058C002993,100000
058C002994,100000
058C002995,100000
058C002996,100000
058C002997,100000
058C002998,100000
058C002999,100000
058C003000,100000